title,Date Posted,Employer,City,Province,Salary,Anticipated Start Date,Number of Positions,Source,Language,NOC,Region,Median Wage,Outlook,Advertised Until
biology teacher - secondary school,"Posted on October 14, 2016",Scholars Education Centre,Aurora,", ON ","
									$15.00 to $18.00 hourly  for 2 to 20 hours per week
",2016-11-07,3 Vacancies, Job Bank,English,NOC4141, Toronto Region,38.94 $/hr,(1 of 3 stars),2016-11-13
Graphic designer,"Posted on August 19, 2016",Mr. X Inc.,Toronto,", ON ","
									$58,298.24 to $100,000.00 annually  for 44 hours per week
",As soon as possible,1 Vacancy, Job Bank,English,NOC5241, Toronto Region,25.48 $/hr,(2 of 3 stars),2016-11-10
project management chief,"Posted on September 07, 2016",,Mississauga,", ON ",,As soon as possible,, Monster,,NOC0212, Toronto Region,38.94 $/hr,,2016-11-06
"engineer, instrumentation and control","Posted on October 07, 2016",,Mississauga,", ON ",,As soon as possible,, Monster,,NOC2133, Toronto Region,Not Available,(2 of 3 stars),2016-11-06
mystery shopper,"Posted on October 19, 2016",,Brampton,", ON ",,As soon as possible,, Workopolis,,NOC6651, Toronto Region,12.50 $/hr,(2 of 3 stars),
business systems analyst,"Posted on September 07, 2016",,Toronto,", ON ",,As soon as possible,, Monster,,NOC2171, Toronto Region,35.90 $/hr,(3 of 3 stars),2016-11-06
computer application programmer,"Posted on October 19, 2016",,Toronto,", ON ",,As soon as possible,, Monster,,NOC2174, Toronto Region,35.10 $/hr,(2 of 3 stars),2016-12-18
Java programmer,"Posted on October 17, 2016",,Toronto,", ON ",,As soon as possible,, Monster,,NOC2174, Toronto Region,35.10 $/hr,(2 of 3 stars),2016-12-16
marketing specialist,"Posted on October 17, 2016",,Toronto,", ON ",,As soon as possible,, Monster,,NOC1122, Toronto Region,32.82 $/hr,(3 of 3 stars),2016-11-16
customer service representative,"Posted on October 17, 2016",,Toronto,", ON ",,As soon as possible,, Monster,,NOC6433, Toronto Region,Not Available,(1 of 3 stars),2016-11-16
accounting supervisor,"Posted on September 29, 2016",,Toronto,", ON ",,As soon as possible,, Monster,,NOC1212, Toronto Region,24.36 $/hr,,2016-11-28
accounting manager,"Posted on September 12, 2016",,Toronto,", ON ",,As soon as possible,, Monster,,NOC0111, Toronto Region,46.15 $/hr,(2 of 3 stars),2016-11-11
marketing manager,"Posted on October 17, 2016",,Toronto,", ON ",,As soon as possible,, Monster,,NOC0611, Toronto Region,39.00 $/hr,(2 of 3 stars),2016-11-16
business systems analyst,"Posted on September 11, 2016",,Toronto,", ON ",,As soon as possible,, Monster,,NOC2171, Toronto Region,35.90 $/hr,(3 of 3 stars),2016-11-10
system administrator,"Posted on September 09, 2016",,Brampton,", ON ",,As soon as possible,, Monster,,NOC2281, Toronto Region,30.77 $/hr,(2 of 3 stars),2016-11-08
property accountant,"Posted on October 13, 2016",,Mississauga,", ON ",,As soon as possible,, Monster,,NOC1111, Toronto Region,34.13 $/hr,(2 of 3 stars),2016-11-12
business systems analyst,"Posted on October 05, 2016",,Toronto,", ON ",,As soon as possible,, Monster,,NOC2171, Toronto Region,35.90 $/hr,(3 of 3 stars),2016-12-03
human resources manager,"Posted on October 16, 2016",,North York,", ON ",,As soon as possible,, Monster,,NOC0112, Toronto Region,39.49 $/hr,(2 of 3 stars),2017-01-14
software developer,"Posted on October 09, 2016",,Oakville,", ON ",,As soon as possible,, Monster,,NOC2174, Toronto Region,35.10 $/hr,(2 of 3 stars),2016-12-06
information systems business analyst,"Posted on October 06, 2016",,Toronto,", ON ",,As soon as possible,, Monster,,NOC2171, Toronto Region,35.90 $/hr,(3 of 3 stars),2016-12-04
project management chief,"Posted on September 21, 2016",,Markham,", ON ",,As soon as possible,, Monster,,NOC0212, Toronto Region,38.94 $/hr,,2016-11-20
cook,"Posted on October 08, 2016",,Toronto,", ON ",,As soon as possible,, Monster,,NOC6242, Toronto Region,12.00 $/hr,(3 of 3 stars),2016-11-07
information clerk - customer service,"Posted on October 13, 2016",,Toronto,", ON ",,As soon as possible,, Monster,,NOC1453, Toronto Region,17.00 $/hr,(2 of 3 stars),2016-12-12
product manager,"Posted on October 10, 2016",,Toronto,", ON ",,As soon as possible,, Monster,,NOC0611, Toronto Region,39.00 $/hr,(2 of 3 stars),2016-11-09
office supervisor,"Posted on July 07, 2016",,Scarborough,", ON ","
									$22.00 hourly  for 40 to 44 hours per week
",As soon as possible,1 Vacancy, Job Bank,English,NOC1211, Toronto Region,22.00 $/hr,,2016-11-04
"general labourer, assembly line","Posted on September 27, 2016",JEMS Coating Limited,Concord,", ON ","
									$11.40 hourly  for 36.75 hours per week
",As soon as possible,10 Vacancies, Job Bank,English,NOC9619, Toronto Region,Not Available,(1 of 3 stars),2016-11-18
butcher - butcher shop,"Posted on October 19, 2016",Chop Shop Halal Meat,Mississauga,", ON ","
									$18.00 hourly  for 50 hours per week
",As soon as possible,1 Vacancy, Job Bank,English,NOC6251, Toronto Region,11.40 $/hr,(3 of 3 stars),2016-11-18
